{
  "naive_model": {
    "train": {
      "mae": 27.62763931075539,
      "rmse": 37.26648308948813
    },
    "test": {
      "mae": 18.075568273809527,
      "rmse": 23.671415521994927
    }
  },
  "linear_model": {
    "train": {
      "mae": 23.3345142991425,
      "rmse": 33.48989440964269
    },
    "test": {
      "mae": 17.28909869629788,
      "rmse": 23.585167299551017
    }
  },
  "polynomial_model": {
    "train": {
      "mae": 21.20821292534061,
      "rmse": 29.803451444162537
    },
    "test": {
      "mae": 19.372291533652742,
      "rmse": 26.034885093860453
    }
  },
  "gradient_boosting_model": {
    "train": {
      "mae": 21.42264933489792,
      "rmse": 30.055831087481547
    },
    "test": {
      "mae": 16.736381833829533,
      "rmse": 23.24545488617004
    }
  },
  "radom_forest_model": {
    "train": {
      "mae": 7.327352473210738,
      "rmse": 10.496609201751735
    },
    "test": {
      "mae": 17.388536311507934,
      "rmse": 23.973910910302532
    }
  }
}
