{
  "naive_model": {
    "train": {
      "mae": 27.62763931075539,
      "rmse": 37.26648308948813
    },
    "test": {
      "mae": 18.075568273809527,
      "rmse": 23.671415521994927
    }
  },
  "linear_model": {
    "train": {
      "mae": 23.3345142991425,
      "rmse": 33.48989440964269
    },
    "test": {
      "mae": 17.28909869629788,
      "rmse": 23.585167299551017
    }
  },
  "polynomial_model": {
    "train": {
      "mae": 21.20821292534061,
      "rmse": 29.803451444162537
    },
    "test": {
      "mae": 19.372291533652742,
      "rmse": 26.034885093860453
    }
  },
  "gradient_boosting_model": {
    "train": {
      "mae": 21.422649334897912,
      "rmse": 30.055831087481543
    },
    "test": {
      "mae": 16.72039440822267,
      "rmse": 23.21749844506494
    }
  },
  "radom_forest_model": {
    "train": {
      "mae": 7.3865733409181065,
      "rmse": 10.623684180218913
    },
    "test": {
      "mae": 17.406525060912696,
      "rmse": 23.99370232427365
    }
  }
}
