{
  "naive_model": {
    "train": {
      "mae": 88.04771604048155,
      "rmse": 137.68019864556445
    },
    "test": {
      "mae": 61.82422325396826,
      "rmse": 87.64185000754752
    }
  },
  "linear_model": {
    "train": {
      "mae": 86.6670692761621,
      "rmse": 132.50284139460052
    },
    "test": {
      "mae": 63.30912013078842,
      "rmse": 89.1551696445782
    }
  },
  "polynomial_model": {
    "train": {
      "mae": 73.15248488189116,
      "rmse": 109.93307391881159
    },
    "test": {
      "mae": 64.3994162200832,
      "rmse": 88.77323547705775
    }
  },
  "gradient_boosting_model": {
    "train": {
      "mae": 71.93915503663935,
      "rmse": 106.68275758690427
    },
    "test": {
      "mae": 55.222169303634324,
      "rmse": 79.08015187776196
    }
  },
  "radom_forest_model": {
    "train": {
      "mae": 25.59635711760815,
      "rmse": 39.991012329861974
    },
    "test": {
      "mae": 55.76946645496034,
      "rmse": 80.52285241716469
    }
  }
}
