{
  "naive_model": {
    "train": {
      "mae": 18.705671848128056,
      "rmse": 24.77712660360171
    },
    "test": {
      "mae": 20.741538432539684,
      "rmse": 33.32399699669331
    }
  },
  "linear_model": {
    "train": {
      "mae": 14.637064630118823,
      "rmse": 19.798356426458867
    },
    "test": {
      "mae": 22.82048084447961,
      "rmse": 36.80921072626479
    }
  },
  "polynomial_model": {
    "train": {
      "mae": 13.416447586702736,
      "rmse": 18.053286763201775
    },
    "test": {
      "mae": 24.509544105704688,
      "rmse": 36.47797205366458
    }
  },
  "gradient_boosting_model": {
    "train": {
      "mae": 13.677609788771111,
      "rmse": 18.534374679964746
    },
    "test": {
      "mae": 22.32622229515049,
      "rmse": 35.16198374808804
    }
  },
  "radom_forest_model": {
    "train": {
      "mae": 4.129123868831854,
      "rmse": 5.9084144935880545
    },
    "test": {
      "mae": 23.127367412896824,
      "rmse": 36.03932658943879
    }
  }
}
