{
  "naive_model": {
    "train": {
      "mae": 70.31371346738987,
      "rmse": 85.11452011050157
    },
    "test": {
      "mae": 61.37818531746032,
      "rmse": 74.06171900261802
    }
  },
  "linear_model": {
    "train": {
      "mae": 45.18500188354111,
      "rmse": 59.30466123828681
    },
    "test": {
      "mae": 44.67949360931697,
      "rmse": 58.01712217936883
    }
  },
  "polynomial_model": {
    "train": {
      "mae": 38.269767534993555,
      "rmse": 49.162924623959576
    },
    "test": {
      "mae": 46.35287700519437,
      "rmse": 61.84943671667321
    }
  },
  "gradient_boosting_model": {
    "train": {
      "mae": 39.86503889786895,
      "rmse": 51.3043761752165
    },
    "test": {
      "mae": 43.26441478350205,
      "rmse": 56.95127651085861
    }
  },
  "radom_forest_model": {
    "train": {
      "mae": 12.933282896348743,
      "rmse": 17.335910386121324
    },
    "test": {
      "mae": 42.78992582499999,
      "rmse": 56.72436392185039
    }
  }
}
