{
  "naive_model": {
    "train": {
      "mae": 39.997137835692556,
      "rmse": 51.55609478644987
    },
    "test": {
      "mae": 32.32201920634921,
      "rmse": 43.27668068559538
    }
  },
  "linear_model": {
    "train": {
      "mae": 30.602581102179585,
      "rmse": 42.586347787397386
    },
    "test": {
      "mae": 30.227954628301,
      "rmse": 41.62573902022594
    }
  },
  "polynomial_model": {
    "train": {
      "mae": 25.478816921457533,
      "rmse": 34.610853020773355
    },
    "test": {
      "mae": 31.225396989499142,
      "rmse": 42.89754777713563
    }
  },
  "gradient_boosting_model": {
    "train": {
      "mae": 26.3997720713547,
      "rmse": 35.997663928014575
    },
    "test": {
      "mae": 28.85049077911651,
      "rmse": 40.6220190363018
    }
  },
  "radom_forest_model": {
    "train": {
      "mae": 8.862140184614356,
      "rmse": 12.395527405978298
    },
    "test": {
      "mae": 28.720139582142856,
      "rmse": 40.740992567924906
    }
  }
}
