{
  "naive_model": {
    "train": {
      "mae": 39.997137835692556,
      "rmse": 51.55609478644987
    },
    "test": {
      "mae": 32.32201920634921,
      "rmse": 43.27668068559538
    }
  },
  "linear_model": {
    "train": {
      "mae": 30.602581102179585,
      "rmse": 42.586347787397386
    },
    "test": {
      "mae": 30.227954628301,
      "rmse": 41.62573902022594
    }
  },
  "polynomial_model": {
    "train": {
      "mae": 25.478816921457533,
      "rmse": 34.610853020773355
    },
    "test": {
      "mae": 31.225396989499142,
      "rmse": 42.89754777713563
    }
  },
  "gradient_boosting_model": {
    "train": {
      "mae": 26.399772071354697,
      "rmse": 35.99766392801457
    },
    "test": {
      "mae": 28.82262598563909,
      "rmse": 40.59743667855594
    }
  },
  "radom_forest_model": {
    "train": {
      "mae": 8.918191214181757,
      "rmse": 12.509678312222611
    },
    "test": {
      "mae": 28.66843773730159,
      "rmse": 40.67215814467744
    }
  }
}
