{
  "naive_model": {
    "train": {
      "mae": 50.02508888741897,
      "rmse": 64.69736279275676
    },
    "test": {
      "mae": 49.499951488095235,
      "rmse": 61.79821930248478
    }
  },
  "linear_model": {
    "train": {
      "mae": 35.11178170757475,
      "rmse": 50.21284317365145
    },
    "test": {
      "mae": 33.22632357317254,
      "rmse": 47.218221956869094
    }
  },
  "polynomial_model": {
    "train": {
      "mae": 30.876114090351617,
      "rmse": 43.380434694416934
    },
    "test": {
      "mae": 34.016678394926565,
      "rmse": 47.153245933831535
    }
  },
  "gradient_boosting_model": {
    "train": {
      "mae": 31.80353186190013,
      "rmse": 44.56635734950445
    },
    "test": {
      "mae": 32.01575992998704,
      "rmse": 45.43912237065589
    }
  },
  "radom_forest_model": {
    "train": {
      "mae": 11.472003762468576,
      "rmse": 16.669280046992146
    },
    "test": {
      "mae": 32.27055573412699,
      "rmse": 45.19589148038622
    }
  }
}
