{
  "naive_model": {
    "train": {
      "mae": 22.431255423997882,
      "rmse": 29.76942433281355
    },
    "test": {
      "mae": 16.05916597222222,
      "rmse": 21.16413368152794
    }
  },
  "linear_model": {
    "train": {
      "mae": 17.076243560806176,
      "rmse": 24.29408434110531
    },
    "test": {
      "mae": 14.716947907016856,
      "rmse": 19.95425199464659
    }
  },
  "polynomial_model": {
    "train": {
      "mae": 14.80507944238195,
      "rmse": 20.69804089878371
    },
    "test": {
      "mae": 16.431550481164567,
      "rmse": 21.5249759987348
    }
  },
  "gradient_boosting_model": {
    "train": {
      "mae": 15.267096231530207,
      "rmse": 21.403047105246447
    },
    "test": {
      "mae": 14.479031462199003,
      "rmse": 19.30998470201913
    }
  },
  "radom_forest_model": {
    "train": {
      "mae": 5.058230447885524,
      "rmse": 7.346384330387778
    },
    "test": {
      "mae": 15.187039275707676,
      "rmse": 19.991767851089108
    }
  }
}
