{
  "naive_model": {
    "train": {
      "mae": 22.431255423997882,
      "rmse": 29.76942433281355
    },
    "test": {
      "mae": 16.05916597222222,
      "rmse": 21.16413368152794
    }
  },
  "linear_model": {
    "train": {
      "mae": 17.076243560806176,
      "rmse": 24.29408434110531
    },
    "test": {
      "mae": 14.716947907016856,
      "rmse": 19.95425199464659
    }
  },
  "polynomial_model": {
    "train": {
      "mae": 14.80507944238195,
      "rmse": 20.69804089878371
    },
    "test": {
      "mae": 16.431550481164567,
      "rmse": 21.5249759987348
    }
  },
  "gradient_boosting_model": {
    "train": {
      "mae": 15.267096231530207,
      "rmse": 21.403047105246447
    },
    "test": {
      "mae": 14.482733068293214,
      "rmse": 19.316303764511893
    }
  },
  "radom_forest_model": {
    "train": {
      "mae": 5.091329157902914,
      "rmse": 7.349936733564352
    },
    "test": {
      "mae": 15.227263935625002,
      "rmse": 20.07021798829494
    }
  }
}
