{
  "naive_model": {
    "train": {
      "mae": 125.85158120121709,
      "rmse": 178.52233108167778
    },
    "test": {
      "mae": 83.71330454365079,
      "rmse": 117.43166332296926
    }
  },
  "linear_model": {
    "train": {
      "mae": 121.66249835447127,
      "rmse": 170.9211355836048
    },
    "test": {
      "mae": 98.97418033068952,
      "rmse": 132.39637896347793
    }
  },
  "polynomial_model": {
    "train": {
      "mae": 101.4167531177344,
      "rmse": 140.87762756585423
    },
    "test": {
      "mae": 98.05029679633591,
      "rmse": 131.70963091704112
    }
  },
  "gradient_boosting_model": {
    "train": {
      "mae": 103.62957882776632,
      "rmse": 143.993577315799
    },
    "test": {
      "mae": 89.72027187538238,
      "rmse": 120.90179565748193
    }
  },
  "radom_forest_model": {
    "train": {
      "mae": 35.55326881979534,
      "rmse": 51.68226057033044
    },
    "test": {
      "mae": 91.75135934140206,
      "rmse": 122.67630739229703
    }
  }
}
