{
  "naive_model": {
    "train": {
      "mae": 125.85158120121709,
      "rmse": 178.52233108167778
    },
    "test": {
      "mae": 83.71330454365079,
      "rmse": 117.43166332296926
    }
  },
  "linear_model": {
    "train": {
      "mae": 121.66249835447127,
      "rmse": 170.9211355836048
    },
    "test": {
      "mae": 98.97418033068952,
      "rmse": 132.39637896347793
    }
  },
  "polynomial_model": {
    "train": {
      "mae": 101.4167531177344,
      "rmse": 140.87762756585423
    },
    "test": {
      "mae": 98.05029679633591,
      "rmse": 131.70963091704112
    }
  },
  "gradient_boosting_model": {
    "train": {
      "mae": 103.62957882776632,
      "rmse": 143.993577315799
    },
    "test": {
      "mae": 89.5334902769153,
      "rmse": 120.52399846762759
    }
  },
  "radom_forest_model": {
    "train": {
      "mae": 35.58530824265771,
      "rmse": 51.690615213096024
    },
    "test": {
      "mae": 91.43682865376982,
      "rmse": 122.64282784897345
    }
  }
}
