{
  "naive_model": {
    "train": {
      "mae": 120.87135413414472,
      "rmse": 128.9556054697108
    },
    "test": {
      "mae": 77.90955867063492,
      "rmse": 88.6329698625279
    }
  },
  "linear_model": {
    "train": {
      "mae": 31.839963288341366,
      "rmse": 40.40013895088232
    },
    "test": {
      "mae": 48.12266467229949,
      "rmse": 58.35242629352044
    }
  },
  "polynomial_model": {
    "train": {
      "mae": 27.468765332993613,
      "rmse": 34.97901013316868
    },
    "test": {
      "mae": 48.80258548626023,
      "rmse": 59.96504784722512
    }
  },
  "gradient_boosting_model": {
    "train": {
      "mae": 29.215249180416603,
      "rmse": 37.03287786758578
    },
    "test": {
      "mae": 49.922418522073286,
      "rmse": 60.22531663718905
    }
  },
  "radom_forest_model": {
    "train": {
      "mae": 9.378259350178594,
      "rmse": 12.40829509452297
    },
    "test": {
      "mae": 49.29124096091269,
      "rmse": 59.909617449295915
    }
  }
}
