{
  "naive_model": {
    "train": {
      "mae": 52.1705161132425,
      "rmse": 65.84947437647598
    },
    "test": {
      "mae": 44.36792797619048,
      "rmse": 57.90419369270931
    }
  },
  "linear_model": {
    "train": {
      "mae": 41.150360774358575,
      "rmse": 54.616375346491665
    },
    "test": {
      "mae": 39.583581804332006,
      "rmse": 54.060559468914654
    }
  },
  "polynomial_model": {
    "train": {
      "mae": 35.822240028731905,
      "rmse": 47.38578836737476
    },
    "test": {
      "mae": 42.01135439976254,
      "rmse": 56.76006229513014
    }
  },
  "gradient_boosting_model": {
    "train": {
      "mae": 37.12381671875937,
      "rmse": 49.1948993551557
    },
    "test": {
      "mae": 39.94065784905897,
      "rmse": 54.64409713318512
    }
  },
  "radom_forest_model": {
    "train": {
      "mae": 12.865210843233232,
      "rmse": 17.532281587784336
    },
    "test": {
      "mae": 40.797944110714276,
      "rmse": 55.363413059208916
    }
  }
}
