{
  "naive_model": {
    "train": {
      "mae": 75.8023659280328,
      "rmse": 90.96336748445647
    },
    "test": {
      "mae": 71.08644807539682,
      "rmse": 90.11341793655579
    }
  },
  "linear_model": {
    "train": {
      "mae": 43.39341728070491,
      "rmse": 58.19743748907253
    },
    "test": {
      "mae": 51.11657156068751,
      "rmse": 67.2600648291373
    }
  },
  "polynomial_model": {
    "train": {
      "mae": 36.85918717594319,
      "rmse": 48.31335743012881
    },
    "test": {
      "mae": 53.46441360159298,
      "rmse": 69.37096692084671
    }
  },
  "gradient_boosting_model": {
    "train": {
      "mae": 39.24553509878944,
      "rmse": 52.12294707820082
    },
    "test": {
      "mae": 50.7870651395572,
      "rmse": 66.54470722520172
    }
  },
  "radom_forest_model": {
    "train": {
      "mae": 13.343759803876173,
      "rmse": 18.080106057789028
    },
    "test": {
      "mae": 51.846541570634926,
      "rmse": 68.103178341987
    }
  }
}
